brand,min,max,price_range
0.01,$59,$59,$59–$59
80retros,$129,$169,$129–$169
8BitDo,$109,$69,$109–$69
ACGAM,$109,$99,$109–$99
ATTACK,$67,$89,$67–$89
AULA,$35,$99,$35–$99
Ace,$89,$89,$89–$89
Aesco,$169,$169,$169–$169
Aiglatson,$399,$399,$399–$399
Ajazz,$109,$99,$109–$99
Akko,$104,$99,$104–$99
Alpaca,$140,$140,$140–$140
Angel,$266,$266,$266–$266
Anne,$65,$85,$65–$85
Apos,$127,$99,$127–$99
Azio,$109,$99,$109–$99
BAROCCOMISTEL,$270,$270,$270–$270
BASIC,$59,$79,$59–$79
Backspace,$149,$149,$149–$149
Bat,$135,$79,$135–$79
Binepad,$45,$69,$45–$69
Black,$189,$189,$189–$189
CKW,$189,$189,$189–$189
Cerakey,$159,$209,$159–$209
Cherry,$125,$205,$125–$205
Chilkey,$104,$99,$104–$99
Cidoo,$120,$89,$120–$89
ColorReco,$108,$108,$108–$108
Coolkiller,$119,$89,$119–$89
Corsair,$130,$90,$130–$90
Createkeebs,$169,$199,$169–$199
DOIO,$117,$99,$117–$99
Dagk,$106,$96,$106–$96
Dareu,$110,$224,$110–$224
Daring,$149,$149,$149–$149
Darmoshark,$119,$89,$119–$89
Deadline,$139,$139,$139–$139
Dell,$185,$185,$185–$185
Delux,$69,$69,$69–$69
Denshi,$154,$84,$154–$84
Design,$169,$169,$169–$169
Desktop,$159,$255,$159–$255
Double,$119,$99,$119–$99
DrunkDeer,$117,$98,$117–$98
Dskeyboard,$349,$349,$349–$349
Ducky,$102,$99,$102–$99
Dukharo,$107,$85,$107–$85
Durgod,$100,$79,$100–$79
Dwarf,$193,$193,$193–$193
Dygma,$449,$449,$449–$449
Endgame,$99,$99,$99–$99
Epomaker,$104,$99,$104–$99
Ergodox,$161,$161,$161–$161
Everglide,$119,$279,$119–$279
Evoworks,$169,$169,$169–$169
Fancy,$149,$99,$149–$99
Fantech,$109,$88,$109–$88
Feker,$109,$89,$109–$89
Fiio,$99,$99,$99–$99
Filco,$104,$99,$104–$99
Firstblood,$149,$75,$149–$75
Fly,$179,$179,$179–$179
Fl·esports,$109,$99,$109–$99
Fopato,$115,$99,$115–$99
Furycube,$139,$139,$139–$139
GDK,$169,$169,$169–$169
GMK,$62,$62,$62–$62
GMMK,$129,$129,$129–$129
GamaKay,$29,$89,$29–$89
Ganss,$69,$89,$69–$89
Gateron,$104,$99,$104–$99
GeekElite,$99,$99,$99–$99
Geeksdontpanic,$200,$200,$200–$200
Geon,$340,$89,$340–$89
Glorious,$169,$89,$169–$89
Gopolar,$149,$89,$149–$89
GravaStar,$139,$139,$139–$139
HEXCORE,$99,$99,$99–$99
HHKB,$204,$350,$204–$350
HIBI,$125,$93,$125–$93
HMX,$169,$169,$169–$169
Haverworks,$449,$449,$449–$449
Heavy,$155,$285,$155–$285
Helix,$799,$995,$799–$995
Hexgears,$109,$84,$109–$84
Hiexa,$139,$85,$139–$85
Homoo,$53,$53,$53–$53
Hyeku,$119,$119,$119–$119
IQUNIX,$109,$84,$109–$84
Idobao,$139,$319,$139–$319
Ikbc,$79,$89,$79–$89
Infiverse,$105,$105,$105–$105
Irok,$109,$99,$109–$99
Jamesdonkey,$115,$99,$115–$99
KBDFans,$103,$87,$103–$87
KBParadise,$101,$99,$101–$99
KEBOHUB,$59,$59,$59–$59
KEEBD,$10,$95,$10–$95
Kailh,$299,$299,$299–$299
Kataaa,$34,$34,$34–$34
Kbdcraft,$60,$65,$60–$65
Keebwerk,$110,$455,$110–$455
Kemove,$75,$75,$75–$75
Kenny42,$320,$320,$320–$320
Keychron,$100,$99,$100–$99
Keycool,$110,$99,$110–$99
Keydous,$109,$99,$109–$99
KeysMe,$259,$259,$259–$259
Kiiboom,$136,$97,$136–$97
Knife,$136,$136,$136–$136
LANGTU,$89,$89,$89–$89
LUMINKEY,$109,$99,$109–$99
Lelelab,$109,$319,$109–$319
Lenovo,$109,$189,$109–$189
Leobog,$109,$93,$109–$93
Leopold,$100,$95,$100–$95
LingBao,$49,$49,$49–$49
Lofree,$109,$99,$109–$99
MCHOSE,$109,$95,$109–$95
METAPHYUNI,$109,$109,$109–$109
MIIIW,$105,$99,$105–$99
MIKIT,$119,$139,$119–$139
MK,$104,$99,$104–$99
MM,$380,$380,$380–$380
MMkeyboard,$295,$345,$295–$345
Machenike,$104,$75,$104–$75
Magicforce,$85,$89,$85–$89
Maniac,$299,$299,$299–$299
Matias,$104,$143,$104–$143
Mechboards,$120,$90,$120–$90
Mek,$246,$246,$246–$246
Meko,$39,$44,$39–$44
MelGeek,$119,$99,$119–$99
Meletrix,$100,$358,$100–$358
Miel,$99,$99,$99–$99
Mistel,$104,$154,$104–$154
Modokey,$65,$65,$65–$65
Monka,$118,$89,$118–$89
Monokei,$126,$480,$126–$480
Monsgeek,$107,$99,$107–$99
Mxrskey,$109,$95,$109–$95
NIUNIU,$109,$89,$109–$89
NPK,$99,$99,$99–$99
Neo,$199,$89,$199–$89
Newmen,$119,$95,$119–$95
Newone,$375,$375,$375–$375
NextTime,$39,$59,$39–$59
Niuniu,$119,$195,$119–$195
Niz,$189,$219,$189–$219
NlZ,$179,$179,$179–$179
Noppoo,$69,$89,$69–$89
Novelkeys,$220,$220,$220–$220
Nuphy,$109,$99,$109–$99
Obinslab,$94,$94,$94–$94
Odin,$149,$149,$149–$149
Outemu,$49,$49,$49–$49
Outva,$399,$550,$399–$550
Piifox,$139,$169,$139–$169
Play,$99,$99,$99–$99
Protozoa,$349,$99,$349–$99
Pwnage,$219,$59,$219–$59
Qelec.Studio,$229,$229,$229–$229
Qwertykeys,$110,$65,$110–$65
REDMAGIC,$169,$89,$169–$89
RX,$95,$95,$95–$95
Razer,$129,$355,$129–$355
Realforce,$105,$275,$105–$275
Reccazr,$179,$79,$179–$79
Redragon,$116,$99,$116–$99
Rog,$245,$499,$245–$499
Royal,$109,$95,$109–$95
Royalaxe,$105,$379,$105–$379
Shortcut,$109,$99,$109–$99
Shurikey,$129,$65,$129–$65
Sikakeyb,$149,$99,$149–$99
Skyloong,$109,$99,$109–$99
Sp-star,$189,$189,$189–$189
Steelseries,$469,$469,$469–$469
Sunkey,$399,$399,$399–$399
Swagkeys,$55,$55,$55–$55
Tech,$175,$175,$175–$175
Tex,$129,$139,$129–$139
Thunderobot,$69,$69,$69–$69
Titan,$134,$76,$134–$76
Typone,$112,$112,$112–$112
UGREEN,$79,$79,$79–$79
VALKYRIE,$69,$99,$69–$99
VTER,$52,$99,$52–$99
Varmilo,$101,$99,$101–$99
Velocifire,$109,$79,$109–$79
Vgn,$119,$89,$119–$89
Vortex,$104,$99,$104–$99
WOBKEY,$115,$169,$115–$169
Weikav,$109,$99,$109–$99
WhatGeek,$129,$69,$129–$69
Whatever,$384,$384,$384–$384
Wind,$189,$280,$189–$280
Womier,$104,$89,$104–$89
Wooting,$154,$209,$154–$209
Wuque,$115,$65,$115–$65
Wusikey,$99,$99,$99–$99
X-Bows,$149,$399,$149–$399
XVX,$35,$99,$35–$99
Xiaomi,$249,$249,$249–$249
Xinmeng,$49,$89,$49–$89
Yunzii,$105,$99,$105–$99
Zer,$299,$299,$299–$299
Zerodate,$35,$35,$35–$35
Zuoya,$142,$78,$142–$78
dumang,$165,$165,$165–$165
grid,$169,$59,$169–$59
iBlancod,$105,$89,$105–$89
iFLYTEK,$168,$168,$168–$168
keyno,$349,$399,$349–$399
m.one,$274,$274,$274–$274
sam,$139,$319,$139–$319
velocifiretech,$359,$459,$359–$459
wilba.tech,$380,$380,$380–$380
zFrontier,$159,$265,$159–$265
